latitude,longitude,Name,tt
5.603717,-0.186964,P1,"<img width=""500px"" src=""Accra, Ghana - Laure.jpg""><p>Accra, Ghana - Pic by Laure</p>"
45.899247,6.129384,P2,"<img width=""500px"" src=""Annecy, France - Charlotte.jpg""><p>Annecy, France - Pic by Charlotte</p>"
41.806963,12.563338,P3,"<img width=""500px"" src=""Appia Antica near Rome, Italy - Leo.jpg""><p>Appia Antica near Rome, Italy - Pic by Leo</p>"
21.885256,-102.291568,P4,"<img width=""500px"" src=""Auguascalientes, Mexico - Charlotte.jpg""><p>Auguascalientes, Mexico - Pic by Charlotte</p>"
-8.409518,115.188916,P5,"<img width=""500px"" src=""Bali, Indonesia - Charlotte.jpg""><p>Bali, Indonesia - Pic by Charlotte</p>"
23.684994,90.356331,P6,"<img width=""500px"" src=""Bangladesh Cinzia (1).jpg""><p>Bangladesh - Pic by Cinzia</p>"
23.684994,90.356331,P7,"<img width=""500px"" src=""Bangladesh Cinzia (2).jpg""><p>Bangladesh - Pic by Cinzia</p>"
23.685,90.356331,P8,"<img width=""500px"" src=""Bangladesh Cinzia (3).jpg""><p>Bangladesh - Pic by Cinzia</p>"
23.684994,90.358,P9,"<img width=""500px"" src=""Bangladesh Cinzia (4).jpg""><p>Bangladesh - Pic by Cinzia</p>"
23.687,90.356331,P10,"<img width=""500px"" src=""Bangladesh, Cinzia (5).jpg""><p>Bangladesh - Pic by Cinzia</p>"
31.728181,35.138032,P11,"<img width=""500px"" src=""Battir in Palestine - Wietse.jpg""><p>Battir in Palestine - Pic by Wietse</p>"
33.888629,35.495479,P12,"<img width=""500px"" src=""Beirut - Mazen.jpg""><p>Beirut - Pic by Mazen</p>"
17.189877,-88.4985,P13,"<img width=""500px"" src=""Belize - Charlotte (2).jpg""><p>Belize - Pic by Charlotte (2)</p>"
17.189877,-88.49765,P14,"<img width=""500px"" src=""Belize - Charlotte.jpg""><p>Belize - Pic by Charlotte</p>"
42.360083,-71.05888,P15,"<img width=""500px"" src=""Boston, US - Arti.jpg""><p>Boston, US - Pic by Arti</p>"
50.82253,-0.137163,P16,"<img width=""500px"" src=""Brighton beach, UK - Katka.jpg""><p>Brighton beach, UK - Pic by Katka</p>"
43.552847,7.017369,P17,"<img width=""500px"" src=""Cannes - Heidi.jpg""><p>Cannes - Pic by Heidi</p>"
51.280233,1.078909,P18,"<img width=""500px"" src=""Canterbury, UK - Sian.jpg""><p>Canterbury, UK - Pic by Sian</p>"
-33.924868,18.425,P19,"<img width=""500px"" src=""Cape Town, South Africa (3) - Charlotte.jpg""><p>Cape Town, South Africa (3) - Pic by Charlotte</p>"
-33.924868,18.426,P20,"<img width=""500px"" src=""Cape Town, South Africa - Charlotte (2).jpg""><p>Cape Town, South Africa - Pic by Charlotte (2)</p>"
-33.945,18.424055,P21,"<img width=""500px"" src=""Cape Town, South Africa - Charlotte.jpg""><p>Cape Town, South Africa - Pic by Charlotte</p>"
-33.924868,18.424055,P22,"<img width=""500px"" src=""Cape Town, South Africa - Melissa.jpg""><p>Cape Town, South Africa - Pic by Melissa</p>"
56.502565,-2.70325,P23,"<img width=""500px"" src=""Carnoustie, Scotland - Ashley.jpg""><p>Carnoustie, Scotland - Pic by Ashley</p>"
44.463344,10.417708,P24,"<img width=""500px"" src=""Cinqueterre, Italy - AK.jpg""><p>Cinqueterre, Italy - Pic by AK</p>"
41.886133,12.485133,P25,"<img width=""500px"" src=""Circo Massimo, Rome, Italy - Sian.jpg""><p>Circo Massimo, Rome, Italy - Pic by Sian</p>"
9.748917,-83.753428,P26,"<img width=""500px"" src=""Costa Rica - Charlotte.jpg""><p>Costa Rica - Pic by Charlotte</p>"
-33.44889,-70.669265,P27,"<img width=""500px"" src=""Costanera Centre, Santiago, Chile - Melissa.jpg""><p>Costanera Centre, Santiago, Chile - Pic by Melissa</p>"
21.521757,-77.781167,P28,"<img width=""500px"" src=""Cuba - Melissa.jpg""><p>Cuba - Pic by Melissa</p>"
46.820027,8.406992,P29,"<img width=""500px"" src=""Engelberg, Switzerland - Heidi.jpg""><p>Engelberg, Switzerland - Pic by Heidi</p>"
61.92411,25.748151,P30,"<img width=""500px"" src=""Finland - Heidi.jpeg""><p>Finland - Pic by Heidi</p>"
44.954353,6.392174,P31,"<img width=""500px"" src=""Glacier blanc, Alps, France - Romain.jpg""><p>Glacier blanc, Alps, France - Pic by Romain</p>"
14.634915,-90.506882,P32,"<img width=""500px"" src=""Guatemala City - Charlotte.jpg""><p>Guatemala City - Pic by Charlotte</p>"
57.70887,11.97456,P33,"<img width=""500px"" src=""G”tebord, Sweden, Lisa.jpg""><p>Gotebord, Sweden - Pic by Lisa</p>"
20.910051,107.183902,P34,"<img width=""500px"" src=""Halong Bay, Vietnam - Charlotte.jpg""><p>Halong Bay, Vietnam - Pic by Charlotte</p>"
21.239696,-86.737865,P35,"<img width=""500px"" src=""Isla Mujeres - Mexico - Ashley.jpg""><p>Isla Mujeres, Mexico - Pic by Ashley</p>"
10.850516,76.271083,P36,"<img width=""500px"" src=""Kerela, India - VC.jpg""><p>Kerela, India - Pic by VC</p>"
5.588394,117.846005,P37,"<img width=""500px"" src=""Kinabatangan, Borneo - Charlotte.jpg""><p>Kinabatangan, Borneo - Pic by Charlotte</p>"
44.279491,-73.979871,P38,"<img width=""500px"" src=""Lake Placid, NY, USA - AK.jpg""><p>Lake Placid, NY, USA - Pic by AK</p>"
52.160114,4.49701,P39,"<img width=""500px"" src=""Leiden, The Netherlands - Ben.jpg""><p>Leiden, The Netherlands - Pic by Ben</p>"
34.052234,-118.243685,P40,"<img width=""500px"" src=""Los Angeles - Heidi.jpg""><p>Los Angeles - Pic by Heidi</p>"
34.052234,-118.243685,P41,"<img width=""500px"" src=""Los Angeles, USA - Heidi.jpg""><p>Los Angeles, USA - Pic by Heidi</p>"
1.977247,73.536103,P42,"<img width=""500px"" src=""Maldives - Yoonjee.jpg""><p>Maldives - Pic by Yoonjee</p>"
39.695263,3.017571,P43,"<img width=""500px"" src=""Mallorca, Spain - Ashley.jpg""><p>Mallorca, Spain - Pic by Ashley</p>"
-37.814107,144.96328,P44,"<img width=""500px"" src=""Melbourne, Australia - Charlotte.jpg""><p>Melbourne, Australia - Pic by Charlotte</p>"
19.432608,-99.133208,P45,"<img width=""500px"" src=""Mexico City, Mexico - AK.jpg""><p>Mexico City, Mexico - Pic by AK</p>"
43.098694,11.787247,P46,"<img width=""500px"" src=""Montepulciano - Laure.jpg""><p>Montepulciano - Pic by Laure</p>"
43.610769,3.876716,P47,"<img width=""500px"" src=""Montpellier, France - Maylis.jpg""><p>Montpellier, France - Pic by Maylis</p>"
46.989987,6.931,P48,"<img width=""500px"" src=""Neuchatel, Switzerland - Sian (2).jpg""><p>Neuchatel, Switzerland - Pic by Sian (2)</p>"
46.989987,6.929273,P49,"<img width=""500px"" src=""Neuchatel, Switzerland - Sian.jpg""><p>Neuchatel, Switzerland - Pic by Sian</p>"
40.7135,-74.005941,P50,"<img width=""500px"" src=""New York, US - Heidi(2).jpg""><p>New York, US - Pic by Heidi(2)</p>"
40.712784,-74.0061,P51,"<img width=""500px"" src=""New York, US - Heidi(3).jpg""><p>New York, US - Pic by Heidi(3)</p>"
40.7135,-74.005941,P52,"<img width=""500px"" src=""New York, US - Heidi(4).jpg""><p>New York, US - Pic by Heidi(4)</p>"
40.712784,-74.005941,P53,"<img width=""500px"" src=""New York, US - Heidi.jpg""><p>New York, US - Pic by Heidi</p>"
40.058324,-74.405661,P54,"<img width=""500px"" src=""NJ, USA - AK.jpg""><p>NJ, USA - Pic by AK</p>"
40.06012,-74.405661,P55,"<img width=""500px"" src=""NJ, USA2 - AK.jpg""><p>NJ, USA2 - Pic by AK</p>"
8.885503,80.276733,P56,"<img width=""500px"" src=""Northern India, Uncle Navin.jpg""><p>Northern India - Pic by Uncle Navin</p>"
45.42153,-75.697193,P57,"<img width=""500px"" src=""Ottawa, Canada (1) - Liz.jpg""><p>Ottawa, Canada (1) - Pic by Liz</p>"
45.42153,-75.711,P58,"<img width=""500px"" src=""Ottawa, Canada (2) - Liz.jpg""><p>Ottawa, Canada (2) - Pic by Liz</p>"
7.51498,134.58252,P59,"<img width=""500px"" src=""Palau, Yoonjee.jpg""><p>Palau - Pic by Yoonjee</p>"
41.875661,12.482051,P60,"<img width=""500px"" src=""Piramide, Rome, Italy - Laure.jpg""><p>Piramide, Rome, Italy - Pic by Laure</p>"
42.058441,-70.178643,P61,"<img width=""500px"" src=""Providencetown, MA, USA - AK(2).jpg""><p>Providencetown, MA, USA - Pic by AK(2)</p>"
42.058441,-70.195,P62,"<img width=""500px"" src=""Providencetown, MA, USA - AK.jpg""><p>Providencetown, MA, USA - Pic by AK</p>"
-22.906847,-43.172896,P63,"<img width=""500px"" src=""Rio de Janeiro, Brazil - Melissa.jpg""><p>Rio de Janeiro, Brazil - Pic by Melissa</p>"
14.073251,-87.193506,P64,"<img width=""500px"" src=""Roatan beach, Honduras - Melissa.jpg""><p>Roatan beach, Honduras - Pic by Melissa</p>"
11.263406,-85.863977,P65,"<img width=""500px"" src=""San Juan Del Sur, Nicaragua - Ashley.jpg""><p>San Juan Del Sur, Nicaragua - Pic by Ashley</p>"
41.878822,12.485534,P66,"<img width=""500px"" src=""San Saba, Rome, Italy - Laure.jpg""><p>San Saba, Rome, Italy - Pic by Laure</p>"
42.033504,11.853606,P67,"<img width=""500px"" src=""Santa Marinella, Italy - Heidi.jpg""><p>Santa Marinella, Italy - Pic by Heidi</p>"
34.019454,-118.491191,P68,"<img width=""500px"" src=""Santa Monica, California, US - Heidi.jpg""><p>Santa Monica, California, US - Pic by Heidi</p>"
-33.44889,-70.669265,P69,"<img width=""500px"" src=""Santiago, Chile - Melissa.jpg""><p>Santiago, Chile - Pic by Melissa</p>"
-23.55052,-46.633309,P70,"<img width=""500px"" src=""Sao Paolo, Brazil - Charlotte (2).jpg""><p>Sao Paolo, Brazil - Pic by Charlotte (2)</p>"
-23.55052,-46.654,P71,"<img width=""500px"" src=""Sao Paolo, Brazil - Charlotte.jpg""><p>Sao Paolo, Brazil - Pic by Charlotte</p>"
43.856259,18.413076,P72,"<img width=""500px"" src=""Sarajevo, Bosnia Herzegovina - Ashley.jpg""><p>Sarajevo, Bosnia Herzegovina - Pic by Ashley</p>"
44.629602,-81.265082,P73,"<img width=""500px"" src=""Sauble Beach, Lake Huron, Canada - Florence (2).jpg""><p>Sauble Beach, Lake Huron, Canada - Pic by Florence (2)</p>"
44.629602,-81.265123,P74,"<img width=""500px"" src=""Sauble Beach, Lake Huron, Canada - Florence.jpg""><p>Sauble Beach, Lake Huron, Canada - Pic by Florence</p>"
1.352083,103.819836,P75,"<img width=""500px"" src=""Singapore - Sophie.jpg""><p>Singapore - Pic by Sophie</p>"
30.904486,77.096736,P76,"<img width=""500px"" src=""Solan, India - MK.jpg""><p>Solan, India - Pic by MK</p>"
30.904486,77.112,P77,"<img width=""500px"" src=""Solan, India2 - MK.jpg""><p>Solan, India2 - Pic by MK</p>"
30.954,77.096736,P78,"<img width=""500px"" src=""Solan, India3 - MK.jpg""><p>Solan, India3 - Pic by MK</p>"
30.904486,77.124,P79,"<img width=""500px"" src=""Solan, India4.jpg""><p>Solan, India4 - Pic by MK</p>"
30.904486,77.096736,P80,"<img width=""500px"" src=""Solan, India5.jpg""><p>Solan, India5 - Pic by MK</p>"
59.329323,18.068581,P81,"<img width=""500px"" src=""Stockhold, Sweden - Charlotte.jpg""><p>Stockhold, Sweden - Pic by Charlotte</p>"
51.160021,4.345811,P82,"<img width=""500px"" src=""The Hague, Belgium - Ben.jpg""><p>The Hague, Belgium - Pic by Ben</p>"
43.653226,-79.383184,P83,"<img width=""500px"" src=""Toronto, Canada - Ashley.jpg""><p>Toronto, Canada - Pic by Ashley</p>"
42.728412,-73.691785,P84,"<img width=""500px"" src=""Troy, NY, USA - AK.jpg""><p>Troy, NY, USA - Pic by AK</p>"
45.440847,12.315515,P85,"<img width=""500px"" src=""Venice, Italy - Heidi.jpg""><p>Venice, Italy - Pic by Heidi</p>"
45.440847,12.315515,P86,"<img width=""500px"" src=""Venice, Italy(2) - Heidi.jpg""><p>Venice, Italy(2) - Pic by Heidi</p>"
51.361047,1.024256,P87,"<img width=""500px"" src=""Whitstable, UK - Sian.jpg""><p>Whitstable, UK - Pic by Sian</p>"
